{
    "corn": {
        "RMSE": 0.3910006107463968,
        "MSE": 0.15288147760405532,
        "MAE": 0.29309868947850093,
        "R-Square": 0.9111776655047469,
        "Cross-Validation RMSE": 0.3431926424615143
    },
    "wheat": {
        "RMSE": 0.8578377253322915,
        "MSE": 0.7358855630032801,
        "MAE": 0.5737262713102607,
        "R-Square": 0.6567345438774437,
        "Cross-Validation RMSE": 0.5432901457050681
    },
    "soybeans": {
        "RMSE": 0.7375679652426993,
        "MSE": 0.5440065033522556,
        "MAE": 0.5533874846200022,
        "R-Square": 0.904784773513339,
        "Cross-Validation RMSE": 0.6606387506413611
    },
    "sugar": {
        "RMSE": 0.015551262839170311,
        "MSE": 0.00024184177589295946,
        "MAE": 0.011814461396100378,
        "R-Square": 0.8528688453580606,
        "Cross-Validation RMSE": 0.01442467235516945
    },
    "coffee": {
        "RMSE": 0.14071071321722847,
        "MSE": 0.019799504814101115,
        "MAE": 0.10784558166459292,
        "R-Square": 0.9071850144676769,
        "Cross-Validation RMSE": 0.11383909780213644
    },
    "rice": {
        "RMSE": 1.099278277543258,
        "MSE": 1.2084127314784718,
        "MAE": 0.8641561152161933,
        "R-Square": 0.6724001317281112,
        "Cross-Validation RMSE": 0.7956372506395245
    },
    "oats": {
        "RMSE": 1.2925937474117326,
        "MSE": 1.670798595847906,
        "MAE": 0.7202289056785257,
        "R-Square": 0.037645402648856297,
        "Cross-Validation RMSE": 0.3073684335081422
    },
    "lean_hogs": {
        "RMSE": 0.07352858212345179,
        "MSE": 0.005406452389085193,
        "MAE": 0.05893426794383631,
        "R-Square": 0.8056234190956307,
        "Cross-Validation RMSE": 0.06444292103244473
    }
}