{
    "corn": {
        "RMSE": 0.3934445863793012,
        "MSE": 0.1547986425511794,
        "MAE": 0.2976590086255624,
        "R-Square": 0.9091996421820684,
        "Cross-Validation RMSE": 0.3417319641344914
    },
    "wheat": {
        "RMSE": 0.8583463988973601,
        "MSE": 0.736758540500066,
        "MAE": 0.5729799557436763,
        "R-Square": 0.6572222892828476,
        "Cross-Validation RMSE": 0.5277553367347387
    },
    "soybeans": {
        "RMSE": 0.7443187000903219,
        "MSE": 0.5540103273041466,
        "MAE": 0.5662679678507037,
        "R-Square": 0.9015092039024708,
        "Cross-Validation RMSE": 0.6749411196008457
    },
    "sugar": {
        "RMSE": 0.015358041786397948,
        "MSE": 0.0002358694475127455,
        "MAE": 0.011606626643073395,
        "R-Square": 0.8543362769903535,
        "Cross-Validation RMSE": 0.014257110041072664
    },
    "coffee": {
        "RMSE": 0.14195811325538213,
        "MSE": 0.020152105919027902,
        "MAE": 0.10834011608048254,
        "R-Square": 0.9103081304542104,
        "Cross-Validation RMSE": 0.10398585235136412
    }
}